Step,Loss,MAE,RMSE,R2,95th_Pct_Error,GradNorm
100,1.1768131256103516,0.8020023107528687,0.9675807356834412,-0.04167807102203369,174.04466247558594,"tensor(84463.6484, device='cuda:0')"
200,1.4484565258026123,0.8915423154830933,1.0867353677749634,-0.019930720329284668,161.08950805664062,"tensor(137974.8594, device='cuda:0')"
300,1.3705490827560425,0.8378227949142456,1.0579235553741455,-0.021873116493225098,134.4333038330078,"tensor(145817.1875, device='cuda:0')"
400,0.8674567937850952,0.7021017074584961,0.810448169708252,0.07884997129440308,104.3799057006836,"tensor(78353.8281, device='cuda:0')"
500,0.9117870330810547,0.7046048045158386,0.836902379989624,0.12261027097702026,104.9438247680664,"tensor(89276.6797, device='cuda:0')"
600,1.1354000568389893,0.7886065244674683,0.9480602145195007,0.18797701597213745,125.01728057861328,"tensor(116823.8281, device='cuda:0')"
700,0.9536765813827515,0.7185964584350586,0.859126091003418,0.29002124071121216,99.86014556884766,"tensor(117154.5859, device='cuda:0')"
800,0.7101837396621704,0.624542772769928,0.7230635285377502,0.44492900371551514,128.2115020751953,"tensor(116650.8438, device='cuda:0')"
900,0.6194208860397339,0.5657259225845337,0.6705990433692932,0.5409973859786987,94.25260162353516,"tensor(114107.6875, device='cuda:0')"
1000,0.4483153223991394,0.44466954469680786,0.5611724257469177,0.7237539291381836,199.51771545410156,"tensor(139065.8594, device='cuda:0')"
1100,0.4612070620059967,0.46417364478111267,0.5674107670783997,0.7648281455039978,191.115234375,"tensor(122246.4844, device='cuda:0')"
1200,0.18453288078308105,0.2560288608074188,0.3282136917114258,0.8744305968284607,172.88113403320312,"tensor(25245.7676, device='cuda:0')"
1300,0.08025377243757248,0.15057796239852905,0.18729756772518158,0.950223982334137,107.68389892578125,"tensor(25385.8105, device='cuda:0')"
1400,0.14488723874092102,0.20789144933223724,0.28726261854171753,0.9316902756690979,148.87937927246094,"tensor(42893.6445, device='cuda:0')"
1500,0.1163230687379837,0.17843131721019745,0.2505866587162018,0.9345002174377441,97.21478271484375,"tensor(19697.6914, device='cuda:0')"
1600,0.07194752246141434,0.13907524943351746,0.17385323345661163,0.9684940576553345,207.51626586914062,"tensor(15414.6680, device='cuda:0')"
1700,0.10980086028575897,0.17180687189102173,0.2413686066865921,0.9521804451942444,124.30245971679688,"tensor(46156.7734, device='cuda:0')"
1800,0.10287763923406601,0.15442435443401337,0.2378031313419342,0.9443832039833069,105.58903503417969,"tensor(28314.9648, device='cuda:0')"
1900,0.08180171996355057,0.1379924714565277,0.2010074108839035,0.9523773789405823,281.1045227050781,"tensor(15512.8193, device='cuda:0')"
2000,0.09869483858346939,0.15617626905441284,0.2276882827281952,0.9443399310112,90.37232208251953,"tensor(40309.8086, device='cuda:0')"
2100,0.09409952908754349,0.15316623449325562,0.21943029761314392,0.9416528344154358,231.79568481445312,"tensor(66483.4219, device='cuda:0')"
2200,0.09952526539564133,0.15780571103096008,0.22843718528747559,0.9539943337440491,265.0087585449219,"tensor(134297.3438, device='cuda:0')"
2300,0.07339990139007568,0.12943612039089203,0.1859275847673416,0.9634125232696533,155.845703125,"tensor(131708.3594, device='cuda:0')"
2400,0.11450179666280746,0.17516247928142548,0.24890369176864624,0.9411358833312988,135.01959228515625,"tensor(91027.5781, device='cuda:0')"
2500,0.05911557376384735,0.1178937777876854,0.15410204231739044,0.9765470027923584,62.84744644165039,"tensor(101832.3828, device='cuda:0')"
2600,0.06073558330535889,0.11447783559560776,0.16245687007904053,0.9743432402610779,125.17050170898438,"tensor(173375.1719, device='cuda:0')"
2700,0.08626511693000793,0.12972725927829742,0.2175935059785843,0.9292783141136169,238.90773010253906,"tensor(168872.1719, device='cuda:0')"
2800,0.10067961364984512,0.1571480631828308,0.2313767373561859,0.9456633925437927,203.782958984375,"tensor(68037.8984, device='cuda:0')"
2900,0.071099653840065,0.1207965835928917,0.1867101490497589,0.9585899114608765,351.5119323730469,"tensor(171850.9219, device='cuda:0')"
3000,0.09200066328048706,0.14805233478546143,0.21813978254795074,0.8971381783485413,316.4560852050781,"tensor(219582.9219, device='cuda:0')"
3100,0.06658409535884857,0.12366676330566406,0.17170925438404083,0.9749290943145752,96.15682983398438,"tensor(76836.6406, device='cuda:0')"
3200,0.11092498898506165,0.17149439454078674,0.24387839436531067,0.943663477897644,191.85345458984375,"tensor(312275.1562, device='cuda:0')"
3300,0.07495218515396118,0.1216907724738121,0.19607384502887726,0.9648952484130859,86.77320098876953,"tensor(66829.4609, device='cuda:0')"
3400,0.07023091614246368,0.1219632476568222,0.1834173947572708,0.9668055772781372,188.05552673339844,"tensor(280332.5000, device='cuda:0')"
3500,0.09278090298175812,0.1603635549545288,0.21135711669921875,0.9532768130302429,119.7656478881836,"tensor(220060.9062, device='cuda:0')"
3600,0.0818464607000351,0.1428835690021515,0.19743704795837402,0.9650388956069946,144.351318359375,"tensor(83627.9062, device='cuda:0')"
3700,0.0948251336812973,0.15372967720031738,0.2206948846578598,0.9511778354644775,105.98003387451172,"tensor(113019.4922, device='cuda:0')"
3800,0.09206470847129822,0.1508137434720993,0.21638064086437225,0.946232259273529,191.69503784179688,"tensor(46020.6562, device='cuda:0')"
3900,0.08402486145496368,0.13526016473770142,0.20843897759914398,0.9599571824073792,854.1868286132812,"tensor(209268.8594, device='cuda:0')"
4000,0.04972711205482483,0.1025829166173935,0.13766711950302124,0.9877310395240784,577.8427734375,"tensor(101222.0234, device='cuda:0')"
4100,0.04468660056591034,0.08973370492458344,0.13329099118709564,0.9792118668556213,120.20327758789062,"tensor(58443.8438, device='cuda:0')"
4200,0.07767938822507858,0.12461745738983154,0.20073401927947998,0.9590373039245605,403.7688903808594,"tensor(129576.4609, device='cuda:0')"
4300,0.0807480439543724,0.13213039934635162,0.20275335013866425,0.961359977722168,144.27984619140625,"tensor(40142.9805, device='cuda:0')"
4400,0.07189144939184189,0.12709073722362518,0.1837504506111145,0.9619706869125366,124.98077392578125,"tensor(131078.9688, device='cuda:0')"
4500,0.08568686991930008,0.15951985120773315,0.19450169801712036,0.9588066339492798,353.2906799316406,"tensor(132416.9844, device='cuda:0')"
4600,0.07331015169620514,0.13376298546791077,0.1821572333574295,0.9583232998847961,106.67047882080078,"tensor(81910.8516, device='cuda:0')"
4700,0.04894945025444031,0.10214638710021973,0.13529793918132782,0.982902467250824,60.78519058227539,"tensor(76613.4219, device='cuda:0')"
4800,0.0960523933172226,0.1599733531475067,0.21922677755355835,0.9627326130867004,124.94933319091797,"tensor(64970.0117, device='cuda:0')"
4900,0.07263504713773727,0.12632666528224945,0.18637877702713013,0.9674872159957886,326.2787170410156,"tensor(79745.0781, device='cuda:0')"
5000,0.07936911284923553,0.12926335632801056,0.20146986842155457,0.9564436078071594,57.72499084472656,"tensor(26178.6934, device='cuda:0')"
5100,0.08729588985443115,0.13301125168800354,0.21769823133945465,0.9536857604980469,188.83738708496094,"tensor(122950.2031, device='cuda:0')"
5200,0.09049611538648605,0.13369467854499817,0.2244720757007599,0.9509366750717163,209.3352508544922,"tensor(53683.3945, device='cuda:0')"
5300,0.09689714014530182,0.14497268199920654,0.23109595477581024,0.9440538287162781,92.51497650146484,"tensor(49346.3242, device='cuda:0')"
5400,0.11516618728637695,0.1674918830394745,0.2547913193702698,0.9305123686790466,355.1304016113281,"tensor(79712.6328, device='cuda:0')"
5500,0.04846557229757309,0.10070298612117767,0.13510987162590027,0.9796916246414185,166.89495849609375,"tensor(26143.5723, device='cuda:0')"
5600,0.08099135756492615,0.1406710147857666,0.19695189595222473,0.9587423205375671,92.23876190185547,"tensor(74396.9297, device='cuda:0')"
5700,0.056424275040626526,0.10706667602062225,0.15589827299118042,0.9719017744064331,64.70759582519531,"tensor(32129.0176, device='cuda:0')"
5800,0.0687372237443924,0.12247874587774277,0.17886753380298615,0.973182737827301,153.7957000732422,"tensor(73224.1641, device='cuda:0')"
5900,0.11993534862995148,0.17925700545310974,0.25721246004104614,0.9277909398078918,381.3778991699219,"tensor(32589.8301, device='cuda:0')"
6000,0.07451824098825455,0.1369650959968567,0.182835191488266,0.9730441570281982,250.367431640625,"tensor(127092.1875, device='cuda:0')"
6100,0.0938875824213028,0.14256353676319122,0.226094052195549,0.946669340133667,180.66024780273438,"tensor(107175.5547, device='cuda:0')"
6200,0.06534191966056824,0.11235927045345306,0.17785987257957458,0.9722109436988831,101.08389282226562,"tensor(66723.1172, device='cuda:0')"
6300,0.07748658955097198,0.1299634873867035,0.1962079107761383,0.9584496021270752,160.6933135986328,"tensor(50811.2578, device='cuda:0')"
6400,0.06528452038764954,0.11343439668416977,0.1767885833978653,0.959871232509613,486.89263916015625,"tensor(40662.2070, device='cuda:0')"
6500,0.05654609948396683,0.10051535069942474,0.16245459020137787,0.9728637933731079,181.3504180908203,"tensor(72472., device='cuda:0')"
6600,0.04670453816652298,0.09734903275966644,0.1322869062423706,0.9828537702560425,50.26238250732422,"tensor(25661.7832, device='cuda:0')"
6700,0.0653592199087143,0.10775631666183472,0.18174797296524048,0.966724157333374,152.56982421875,"tensor(25099.9531, device='cuda:0')"
6800,0.0956483781337738,0.14900606870651245,0.22571343183517456,0.9551330208778381,219.4423370361328,"tensor(77964.3594, device='cuda:0')"
6900,0.09042221307754517,0.13124868273735046,0.22593717277050018,0.9581850171089172,118.53787994384766,"tensor(143626.2500, device='cuda:0')"
7000,0.09943360090255737,0.15249717235565186,0.23169903457164764,0.9311347007751465,433.87322998046875,"tensor(81304.7188, device='cuda:0')"
7100,0.06281454861164093,0.11170051991939545,0.17118525505065918,0.9735831022262573,95.40575408935547,"tensor(96391.8750, device='cuda:0')"
7200,0.07308733463287354,0.12195613235235214,0.19105102121829987,0.9695135354995728,108.25594329833984,"tensor(70007.3438, device='cuda:0')"
7300,0.058552201837301254,0.1044643223285675,0.16496333479881287,0.966996431350708,49.219425201416016,"tensor(74431.7266, device='cuda:0')"
7400,0.05609926953911781,0.11102880537509918,0.1509656459093094,0.9794950485229492,74.11859130859375,"tensor(50298.7383, device='cuda:0')"
7500,0.06641357392072678,0.11836709827184677,0.17579375207424164,0.9684752821922302,119.78376770019531,"tensor(104102.5625, device='cuda:0')"
7600,0.0837213546037674,0.14236529171466827,0.20251360535621643,0.967785656452179,292.93896484375,"tensor(79262.8047, device='cuda:0')"
7700,0.04662398248910904,0.09340311586856842,0.1363929957151413,0.9826446771621704,197.9942626953125,"tensor(43048.8594, device='cuda:0')"
7800,0.06385556608438492,0.11046189069747925,0.17526264488697052,0.9711770415306091,221.63050842285156,"tensor(63416.0703, device='cuda:0')"
7900,0.08549434691667557,0.15060648322105408,0.2007794827222824,0.9660584926605225,142.20343017578125,"tensor(28103.1113, device='cuda:0')"
8000,0.06350050866603851,0.11442481726408005,0.17080122232437134,0.9679407477378845,98.01954650878906,"tensor(57269.1133, device='cuda:0')"
8100,0.0822584331035614,0.13447800278663635,0.20473159849643707,0.9577940702438354,97.164306640625,"tensor(98903.1250, device='cuda:0')"
8200,0.04917532950639725,0.09757910668849945,0.14107300341129303,0.9771658778190613,188.06390380859375,"tensor(51955.6523, device='cuda:0')"
8300,0.06310722231864929,0.12185665965080261,0.16294237971305847,0.9775086641311646,111.58621215820312,"tensor(74289.2656, device='cuda:0')"
8400,0.0677276998758316,0.11927535384893417,0.17873190343379974,0.966554582118988,115.73059844970703,"tensor(36964.7461, device='cuda:0')"
8500,0.062465302646160126,0.12102307379245758,0.16173550486564636,0.9735888242721558,74.0082015991211,"tensor(41305.2461, device='cuda:0')"
8600,0.0719800814986229,0.12990836799144745,0.1816798597574234,0.9688437581062317,85.95443725585938,"tensor(142056.7031, device='cuda:0')"
8700,0.06768369674682617,0.11011789739131927,0.18614059686660767,0.9660258293151855,227.8679962158203,"tensor(90089.3672, device='cuda:0')"
8800,0.06964688003063202,0.1302499771118164,0.17484818398952484,0.9723197221755981,109.46583557128906,"tensor(77312.4375, device='cuda:0')"
8900,0.07328134030103683,0.12733930349349976,0.1872953474521637,0.9680572152137756,115.9777603149414,"tensor(175239.9688, device='cuda:0')"
9000,0.08334147930145264,0.14198248088359833,0.20185820758342743,0.9606621265411377,130.773681640625,"tensor(55964.9805, device='cuda:0')"
9100,0.06200506165623665,0.12383675575256348,0.1576516181230545,0.9693759679794312,389.14849853515625,"tensor(52412.9414, device='cuda:0')"
9200,0.06325547397136688,0.11728760600090027,0.1675386130809784,0.9662161469459534,119.04113006591797,"tensor(70680.4531, device='cuda:0')"
9300,0.06208260357379913,0.11550941318273544,0.1656193882226944,0.9659294486045837,513.1806640625,"tensor(24356.7090, device='cuda:0')"
9400,0.08688405156135559,0.13887342810630798,0.2126546949148178,0.9624772071838379,282.43670654296875,"tensor(105289.5625, device='cuda:0')"
9500,0.06753067672252655,0.11959027498960495,0.177914559841156,0.9633150100708008,151.70977783203125,"tensor(38468.1328, device='cuda:0')"
9600,0.058535296469926834,0.11730216443538666,0.15278954803943634,0.981308102607727,144.2193603515625,"tensor(105010.0859, device='cuda:0')"
9700,0.07679518312215805,0.13823413848876953,0.1879492998123169,0.961821436882019,245.17567443847656,"tensor(25628.7520, device='cuda:0')"
9800,0.07557198405265808,0.11875984072685242,0.19986003637313843,0.9636200070381165,354.9200439453125,"tensor(35340.6445, device='cuda:0')"
9900,0.06304410845041275,0.118344746530056,0.1659538596868515,0.9721909761428833,110.03189086914062,"tensor(88282.2266, device='cuda:0')"
10000,0.10979682952165604,0.17523455619812012,0.239220529794693,0.9142554402351379,351.65863037109375,"tensor(58990.8945, device='cuda:0')"
10100,0.07359564304351807,0.12717744708061218,0.18826153874397278,0.9456182718276978,214.76524353027344,"tensor(39634.9688, device='cuda:0')"
10200,0.052415262907743454,0.09857448190450668,0.15113873779773712,0.9693737626075745,103.12947082519531,"tensor(47703.2852, device='cuda:0')"
10300,0.07391053438186646,0.12365256994962692,0.1918717324733734,0.9693981409072876,112.0787353515625,"tensor(28771.0664, device='cuda:0')"
10400,0.09152768552303314,0.1496621072292328,0.21593761444091797,0.9574617743492126,154.27223205566406,"tensor(24996.1055, device='cuda:0')"
10500,0.053907670080661774,0.10543172061443329,0.14925867319107056,0.9674288630485535,148.45162963867188,"tensor(157749.1875, device='cuda:0')"
10600,0.09792346507310867,0.158721923828125,0.22429196536540985,0.9400249123573303,419.0553894042969,"tensor(162472.5938, device='cuda:0')"
10700,0.08386404067277908,0.13744337856769562,0.20647282898426056,0.9620514512062073,225.56887817382812,"tensor(39431.7031, device='cuda:0')"
10800,0.0431937649846077,0.09723341464996338,0.11842187494039536,0.9868817329406738,79.67050170898438,"tensor(68108.0078, device='cuda:0')"
10900,0.09344124794006348,0.15569180250167847,0.21617978811264038,0.959149181842804,136.5030059814453,"tensor(66244.5625, device='cuda:0')"
11000,0.07356321811676025,0.12947705388069153,0.1863333135843277,0.9645522236824036,163.85714721679688,"tensor(90372.5391, device='cuda:0')"
11100,0.1292637288570404,0.18107567727565765,0.2737535834312439,0.9256155490875244,167.84095764160156,"tensor(44874.6758, device='cuda:0')"
11200,0.0751114934682846,0.12310301512479782,0.19539853930473328,0.9652466773986816,107.10364532470703,"tensor(100124.4844, device='cuda:0')"
11300,0.06138590723276138,0.10966812074184418,0.16877637803554535,0.9755063056945801,154.26925659179688,"tensor(24733.3672, device='cuda:0')"
11400,0.050437819212675095,0.10317504405975342,0.13958977162837982,0.9617268443107605,331.5933532714844,"tensor(47949.5430, device='cuda:0')"
11500,0.04288917034864426,0.08955511450767517,0.12658055126667023,0.984346866607666,145.09603881835938,"tensor(80807.9531, device='cuda:0')"
11600,0.055315520614385605,0.11097808927297592,0.14839841425418854,0.9749109148979187,93.30699157714844,"tensor(73088.2891, device='cuda:0')"
11700,0.07114292681217194,0.1101185604929924,0.19521105289459229,0.9629871845245361,335.1048278808594,"tensor(28591.9355, device='cuda:0')"
11800,0.07773181796073914,0.13509109616279602,0.1928846538066864,0.9557355642318726,316.140380859375,"tensor(48795.8359, device='cuda:0')"
11900,0.061953071504831314,0.11508383601903915,0.16561377048492432,0.9623162746429443,96.1976318359375,"tensor(35649.4648, device='cuda:0')"
12000,0.07251803576946259,0.12044784426689148,0.1907450556755066,0.9525265693664551,74.33085632324219,"tensor(67699.0312, device='cuda:0')"
12100,0.05918603017926216,0.11446373164653778,0.15762901306152344,0.9766446352005005,149.5318603515625,"tensor(39194.9766, device='cuda:0')"
12200,0.09188385307788849,0.16271138191223145,0.20753416419029236,0.9412582516670227,175.93251037597656,"tensor(58319.1797, device='cuda:0')"
12300,0.09440793097019196,0.13595840334892273,0.2315608114004135,0.9516184329986572,342.98712158203125,"tensor(78670.4062, device='cuda:0')"
12400,0.06437808275222778,0.11388564109802246,0.17381709814071655,0.9617012739181519,408.404296875,"tensor(50633.9141, device='cuda:0')"
12500,0.060274094343185425,0.10436102002859116,0.1701933741569519,0.9699904918670654,123.91970825195312,"tensor(82790.4609, device='cuda:0')"
12600,0.0722101554274559,0.1328517496585846,0.17987392842769623,0.9652330279350281,768.1779174804688,"tensor(41604.5703, device='cuda:0')"
12700,0.10930730402469635,0.17133554816246033,0.24063798785209656,0.942524790763855,276.5698547363281,"tensor(57229.2070, device='cuda:0')"
12800,0.09480863809585571,0.15298692882061005,0.2211618274450302,0.9520094394683838,162.92567443847656,"tensor(58287.7227, device='cuda:0')"
12900,0.09871716797351837,0.15947800874710083,0.22555214166641235,0.9507955312728882,122.65741729736328,"tensor(39773.3242, device='cuda:0')"
13000,0.06181712448596954,0.10528047382831573,0.1738763451576233,0.9564717411994934,67.92475891113281,"tensor(149431.7656, device='cuda:0')"
13100,0.09289777278900146,0.1378183215856552,0.2270512580871582,0.9167978167533875,308.8174133300781,"tensor(67541.4219, device='cuda:0')"
13200,0.04882625862956047,0.10049038380384445,0.13667166233062744,0.9788309931755066,116.21826171875,"tensor(180674.5781, device='cuda:0')"
13300,0.056079015135765076,0.10359291732311249,0.15811748802661896,0.9715611934661865,87.88748931884766,"tensor(158512.1719, device='cuda:0')"
13400,0.06620708107948303,0.12483243644237518,0.1695799082517624,0.9663088321685791,162.01651000976562,"tensor(169272.6406, device='cuda:0')"
13500,0.04426729306578636,0.08927373588085175,0.13223150372505188,0.9811631441116333,62.52608871459961,"tensor(51403.3281, device='cuda:0')"
13600,0.06730727851390839,0.12060841172933578,0.1764220893383026,0.9693925380706787,52.93421936035156,"tensor(38158.6992, device='cuda:0')"
13700,0.04261405020952225,0.09252223372459412,0.1218908429145813,0.9868899583816528,60.10000991821289,"tensor(69197.3750, device='cuda:0')"
13800,0.08668899536132812,0.14201168715953827,0.20996543765068054,0.9524669647216797,99.71047973632812,"tensor(61766.4688, device='cuda:0')"
13900,0.08154236525297165,0.1428554356098175,0.19668689370155334,0.9643329381942749,160.55624389648438,"tensor(62025.3281, device='cuda:0')"
14000,0.06559261679649353,0.11917984485626221,0.1727387011051178,0.9743813872337341,178.50929260253906,"tensor(84785.4531, device='cuda:0')"
14100,0.05067703500390053,0.10311108827590942,0.14051230251789093,0.9825150966644287,124.29368591308594,"tensor(100147.7031, device='cuda:0')"
14200,0.0802125409245491,0.13223868608474731,0.20134779810905457,0.9589836597442627,188.46116638183594,"tensor(74832.2109, device='cuda:0')"
14300,0.0706101581454277,0.11767126619815826,0.18790629506111145,0.9587053060531616,117.484375,"tensor(53904.6758, device='cuda:0')"
14400,0.08554042130708694,0.14302030205726624,0.20648083090782166,0.9686347246170044,239.38674926757812,"tensor(117667.5859, device='cuda:0')"
14500,0.08754487335681915,0.13298240303993225,0.21828915178775787,0.9368845820426941,164.2903594970703,"tensor(100959.1953, device='cuda:0')"
14600,0.07551366835832596,0.12329486012458801,0.1962783932685852,0.9578611850738525,80.64815521240234,"tensor(103324.4688, device='cuda:0')"
14700,0.0908440351486206,0.13834701478481293,0.22212593257427216,0.9511932730674744,172.42086791992188,"tensor(103489.1406, device='cuda:0')"
14800,0.10931254923343658,0.16219545900821686,0.24628013372421265,0.9417226314544678,112.48001861572266,"tensor(215069.9531, device='cuda:0')"
14900,0.0632859393954277,0.12206558883190155,0.16329807043075562,0.9659481048583984,89.00990295410156,"tensor(150360.8594, device='cuda:0')"
15000,0.0925028994679451,0.13809995353221893,0.22599317133426666,0.9518979787826538,1218.0723876953125,"tensor(46771.0586, device='cuda:0')"
15100,0.042620643973350525,0.08165960758924484,0.134620800614357,0.9805435538291931,384.17138671875,"tensor(75994.3125, device='cuda:0')"
15200,0.09563463926315308,0.14326730370521545,0.2294655591249466,0.9452122449874878,146.58963012695312,"tensor(208044.5469, device='cuda:0')"
15300,0.06443336606025696,0.1261012852191925,0.16310419142246246,0.9660096764564514,186.28916931152344,"tensor(64691.2812, device='cuda:0')"
15400,0.06683091074228287,0.12385819852352142,0.17225982248783112,0.9714744687080383,226.80438232421875,"tensor(54195.3711, device='cuda:0')"
15500,0.07757557183504105,0.11966332048177719,0.20414841175079346,0.953696608543396,114.36174011230469,"tensor(56843.6953, device='cuda:0')"
15600,0.03925708308815956,0.086614690721035,0.11520709842443466,0.9886254668235779,27.044086456298828,"tensor(29644.7422, device='cuda:0')"
15700,0.056194353848695755,0.10422062128782272,0.1578865647315979,0.9762324690818787,134.5789031982422,"tensor(49401.8047, device='cuda:0')"
15800,0.1040799617767334,0.14818596839904785,0.2441806048154831,0.9422492384910583,196.75709533691406,"tensor(64308.6914, device='cuda:0')"
15900,0.07116231322288513,0.1188909262418747,0.1884012669324875,0.9620853066444397,88.131103515625,"tensor(146041.7969, device='cuda:0')"
16000,0.09585444629192352,0.14447006583213806,0.22915808856487274,0.9582322239875793,130.8616943359375,"tensor(38803.8555, device='cuda:0')"
16100,0.05867689475417137,0.10717768967151642,0.16286063194274902,0.9732239842414856,351.57861328125,"tensor(55735.9062, device='cuda:0')"
16200,0.0850602239370346,0.13647258281707764,0.21004392206668854,0.9558106660842896,84.54292297363281,"tensor(37273.0547, device='cuda:0')"
16300,0.12993364036083221,0.15897229313850403,0.2867785692214966,0.8943068981170654,214.09210205078125,"tensor(176156.4688, device='cuda:0')"
16400,0.09319599717855453,0.1320073902606964,0.23150329291820526,0.954561173915863,141.5491180419922,"tensor(30570.3926, device='cuda:0')"
16500,0.06055941805243492,0.10862216353416443,0.1672506183385849,0.9721178412437439,128.94277954101562,"tensor(22565.1875, device='cuda:0')"
16600,0.10151131451129913,0.15670107305049896,0.23345448076725006,0.9492717981338501,105.38716125488281,"tensor(52494.0586, device='cuda:0')"
16700,0.04065655171871185,0.0862773209810257,0.1215456873178482,0.9852702021598816,87.19612884521484,"tensor(36919.4336, device='cuda:0')"
16800,0.06177148222923279,0.10334418714046478,0.175408735871315,0.9699522852897644,154.14541625976562,"tensor(53193.2422, device='cuda:0')"
16900,0.07833662629127502,0.13347488641738892,0.19568894803524017,0.9449206590652466,219.67520141601562,"tensor(102589.9219, device='cuda:0')"
17000,0.03428517282009125,0.07685728371143341,0.10596218705177307,0.9861460328102112,277.27374267578125,"tensor(61232.8203, device='cuda:0')"
17100,0.0509130135178566,0.10168816149234772,0.1428515464067459,0.9769596457481384,719.0435180664062,"tensor(57484.4570, device='cuda:0')"
17200,0.07242340594530106,0.13025036454200745,0.18261516094207764,0.9612918496131897,89.30249786376953,"tensor(61710.1289, device='cuda:0')"
17300,0.07643657922744751,0.11891140043735504,0.20189888775348663,0.9537428617477417,317.7933044433594,"tensor(139770.9219, device='cuda:0')"
17400,0.06569168716669083,0.13172726333141327,0.16178227961063385,0.9753599166870117,95.14302062988281,"tensor(275683.5938, device='cuda:0')"
17500,0.05790483206510544,0.1140463799238205,0.1539185345172882,0.9789994955062866,59.22389221191406,"tensor(257571.5156, device='cuda:0')"
17600,0.06153031066060066,0.11174516379833221,0.16735219955444336,0.9722530841827393,123.45819091796875,"tensor(222855.8125, device='cuda:0')"
17700,0.05163070559501648,0.09638892859220505,0.15071173012256622,0.9673439860343933,83.32842254638672,"tensor(61389.5273, device='cuda:0')"
17800,0.08481766283512115,0.13654804229736328,0.20941168069839478,0.9441518783569336,364.4588928222656,"tensor(169005.5156, device='cuda:0')"
17900,0.04918442666530609,0.10001218318939209,0.13849467039108276,0.9825426936149597,79.2441635131836,"tensor(64025.4180, device='cuda:0')"
18000,0.11471995711326599,0.15965725481510162,0.2585010230541229,0.9261850714683533,154.00807189941406,"tensor(226081., device='cuda:0')"
18100,0.05902465805411339,0.1106422170996666,0.16072332859039307,0.975685179233551,321.5948791503906,"tensor(60390.3086, device='cuda:0')"
18200,0.06959256529808044,0.11022093147039413,0.1911185085773468,0.9640377759933472,163.6527099609375,"tensor(205879.7500, device='cuda:0')"
18300,0.06542690843343735,0.11445100605487823,0.1763281226158142,0.9702706336975098,107.77981567382812,"tensor(91748.8281, device='cuda:0')"
18400,0.07979230582714081,0.13377630710601807,0.19914670288562775,0.9589629769325256,388.689697265625,"tensor(21040.0469, device='cuda:0')"
18500,0.06045076251029968,0.11021905392408371,0.16548427939414978,0.9658702611923218,150.39097595214844,"tensor(93936.6016, device='cuda:0')"
18600,0.04814661666750908,0.09349095076322556,0.1417721062898636,0.9804394841194153,67.37525939941406,"tensor(47227.3555, device='cuda:0')"
18700,0.03916630521416664,0.08728666603565216,0.11393114179372787,0.9842661619186401,113.45606994628906,"tensor(117234.8984, device='cuda:0')"
18800,0.05412796884775162,0.10983898490667343,0.14552068710327148,0.9696189165115356,245.4557647705078,"tensor(227551.7500, device='cuda:0')"
18900,0.09953507035970688,0.14510013163089752,0.23665381968021393,0.9339576959609985,254.98472595214844,"tensor(131675.5312, device='cuda:0')"
19000,0.06236577033996582,0.10356436669826508,0.17690806090831757,0.9653840065002441,774.654541015625,"tensor(88405.2344, device='cuda:0')"
19100,0.059123702347278595,0.11550237983465195,0.1564384400844574,0.9756919741630554,184.3974609375,"tensor(108770.7500, device='cuda:0')"
19200,0.07312065362930298,0.13097631931304932,0.18392322957515717,0.9702788591384888,50.086822509765625,"tensor(55749.6719, device='cuda:0')"
19300,0.07041577249765396,0.1294482946395874,0.17771123349666595,0.9636172652244568,606.619384765625,"tensor(143200.6406, device='cuda:0')"
19400,0.0639275535941124,0.10719665139913559,0.17823736369609833,0.9715432524681091,70.50841522216797,"tensor(73531.4844, device='cuda:0')"
19500,0.04033477604389191,0.08424696326255798,0.12272198498249054,0.985894501209259,46.74053955078125,"tensor(189600.7031, device='cuda:0')"
19600,0.07762017846107483,0.12382342666387558,0.2011793851852417,0.9551560878753662,175.8163604736328,"tensor(60699.5156, device='cuda:0')"
19700,0.055357858538627625,0.10380493849515915,0.15561611950397491,0.9742124080657959,122.95647430419922,"tensor(153464.6406, device='cuda:0')"
19800,0.07089254260063171,0.11754753440618515,0.18875455856323242,0.9559475779533386,394.9741516113281,"tensor(16072.2910, device='cuda:0')"
19900,0.056597497314214706,0.10582755506038666,0.1576363742351532,0.9797378778457642,69.11184692382812,"tensor(35923.3125, device='cuda:0')"
20000,0.07567872107028961,0.12771232426166534,0.19330033659934998,0.9685699343681335,81.69725036621094,"tensor(69543.6094, device='cuda:0')"
20100,0.06595131754875183,0.10630279034376144,0.1845548003911972,0.9478210806846619,196.03163146972656,"tensor(94669.2656, device='cuda:0')"
20200,0.07855832576751709,0.12428316473960876,0.20315848290920258,0.9498165249824524,322.8507385253906,"tensor(17096.5488, device='cuda:0')"
20300,0.062393274158239365,0.11367904394865036,0.16819500923156738,0.9784345030784607,80.7727279663086,"tensor(41836.4102, device='cuda:0')"
20400,0.06427502632141113,0.1191307008266449,0.1689254641532898,0.9742928743362427,2641.03662109375,"tensor(38266.8281, device='cuda:0')"
20500,0.060494862496852875,0.1114082857966423,0.16453684866428375,0.9713218212127686,71.60191345214844,"tensor(69989.0078, device='cuda:0')"
20600,0.07080372422933578,0.11721484363079071,0.188783660531044,0.962250292301178,204.22283935546875,"tensor(37492.3945, device='cuda:0')"
20700,0.09385427832603455,0.137202650308609,0.22955061495304108,0.9423171877861023,262.0511169433594,"tensor(49656.3203, device='cuda:0')"
20800,0.05839668959379196,0.10882329940795898,0.16046711802482605,0.9681805968284607,257.66839599609375,"tensor(67980.7031, device='cuda:0')"
20900,0.07060481607913971,0.12425490468740463,0.1825605034828186,0.9566450119018555,202.36366271972656,"tensor(21838.0293, device='cuda:0')"
21000,0.051833271980285645,0.10188651084899902,0.14583317935466766,0.9733161926269531,73.35608673095703,"tensor(16223.6543, device='cuda:0')"
21100,0.058535993099212646,0.10950034856796265,0.16026818752288818,0.9763718843460083,160.2708282470703,"tensor(29016.0234, device='cuda:0')"
21200,0.06820955872535706,0.12429676949977875,0.17584232985973358,0.9692946672439575,116.21612548828125,"tensor(83869.0078, device='cuda:0')"
21300,0.0421704426407814,0.0915636271238327,0.12124913930892944,0.9856046438217163,56.88046646118164,"tensor(50069.7148, device='cuda:0')"
21400,0.0502927303314209,0.09925537556409836,0.1432344764471054,0.9733558297157288,101.828125,"tensor(85649.6641, device='cuda:0')"
21500,0.08110758662223816,0.1400419920682907,0.19772453606128693,0.9561193585395813,126.85315704345703,"tensor(27705.8984, device='cuda:0')"
21600,0.06960686296224594,0.11757611483335495,0.18529443442821503,0.9526022672653198,78.4457015991211,"tensor(50208.0781, device='cuda:0')"
21700,0.07461337000131607,0.1289118230342865,0.18957801163196564,0.962441623210907,101.2043228149414,"tensor(39393.8828, device='cuda:0')"
21800,0.06804122030735016,0.11250972747802734,0.1851709932088852,0.944734513759613,474.1102600097656,"tensor(80540.8594, device='cuda:0')"
21900,0.07766668498516083,0.12497725337743759,0.20043329894542694,0.9570236206054688,125.947998046875,"tensor(161870.2031, device='cuda:0')"
22000,0.12127728015184402,0.17637622356414795,0.2614658772945404,0.9361655712127686,198.2834014892578,"tensor(161082.0312, device='cuda:0')"
22100,0.09867234528064728,0.13348546624183655,0.24212951958179474,0.9377337098121643,180.0416259765625,"tensor(211405.2031, device='cuda:0')"
22200,0.0751480758190155,0.13633087277412415,0.18506434559822083,0.9701856374740601,130.56312561035156,"tensor(89622.0469, device='cuda:0')"
22300,0.06885917484760284,0.1318526566028595,0.1711822897195816,0.9698337316513062,182.8572235107422,"tensor(90354.3594, device='cuda:0')"
22400,0.06264995038509369,0.123563751578331,0.15994004905223846,0.9778942465782166,111.86006164550781,"tensor(125370.9297, device='cuda:0')"
22500,0.06918728351593018,0.11373018473386765,0.18726511299610138,0.9694153070449829,54.86344528198242,"tensor(120144.1562, device='cuda:0')"
22600,0.08466758579015732,0.13793614506721497,0.20805466175079346,0.9479047060012817,134.81414794921875,"tensor(45675.9648, device='cuda:0')"
22700,0.07122364640235901,0.12317629903554916,0.18512362241744995,0.9603447318077087,140.81080627441406,"tensor(80795.1562, device='cuda:0')"
22800,0.04893340915441513,0.09062476456165314,0.14746516942977905,0.9705711603164673,64.29051208496094,"tensor(93453.7109, device='cuda:0')"
22900,0.11510810256004333,0.158190056681633,0.2600982189178467,0.9299813508987427,251.8306427001953,"tensor(178798.0625, device='cuda:0')"
23000,0.08209341764450073,0.12800738215446472,0.20902439951896667,0.9579742550849915,90.18023681640625,"tensor(81040.1719, device='cuda:0')"
23100,0.06744328886270523,0.1236051544547081,0.17424620687961578,0.9736673831939697,71.67974853515625,"tensor(44296.6055, device='cuda:0')"
23200,0.050057776272296906,0.10226534307003021,0.13920551538467407,0.9812661409378052,178.080322265625,"tensor(129700.5781, device='cuda:0')"
23300,0.03864253684878349,0.08605436980724335,0.11325293034315109,0.988357663154602,112.27349090576172,"tensor(52177.3359, device='cuda:0')"
23400,0.04539033770561218,0.09371086955070496,0.13144229352474213,0.9798123240470886,347.23162841796875,"tensor(59092.3867, device='cuda:0')"
23500,0.06651143729686737,0.1173088476061821,0.17697113752365112,0.9576717615127563,191.80563354492188,"tensor(46018.1992, device='cuda:0')"
23600,0.08373437821865082,0.1387113481760025,0.20523394644260406,0.9434544444084167,143.3941192626953,"tensor(120538.3359, device='cuda:0')"
23700,0.05077840015292168,0.10388865321874619,0.14004215598106384,0.9826700687408447,269.63232421875,"tensor(175792.8750, device='cuda:0')"
23800,0.044880881905555725,0.08997787535190582,0.1337442249059677,0.984555184841156,76.5143051147461,"tensor(93302.5156, device='cuda:0')"
23900,0.08036655932664871,0.13589836657047272,0.1989900767803192,0.9667091965675354,182.4415740966797,"tensor(99120.7969, device='cuda:0')"
24000,0.06822039932012558,0.12992709875106812,0.17100371420383453,0.9739413857460022,131.0343780517578,"tensor(166258.3281, device='cuda:0')"
24100,0.06893153488636017,0.11772304773330688,0.18334291875362396,0.9630728960037231,906.4696655273438,"tensor(61098.1719, device='cuda:0')"
24200,0.08798762410879135,0.1419568955898285,0.21307405829429626,0.9434182047843933,135.0009765625,"tensor(109128.1406, device='cuda:0')"
24300,0.07959051430225372,0.13046085834503174,0.20112746953964233,0.9578561782836914,83.36878204345703,"tensor(95081.8594, device='cuda:0')"
24400,0.07462401688098907,0.1253630518913269,0.19239309430122375,0.9605004787445068,381.6871337890625,"tensor(190087.9375, device='cuda:0')"
24500,0.07784701883792877,0.1321696639060974,0.19543826580047607,0.9569824934005737,102.41938018798828,"tensor(71511.2344, device='cuda:0')"
24600,0.06690248847007751,0.12490443885326385,0.17155511677265167,0.9742814302444458,185.3125762939453,"tensor(58886.5859, device='cuda:0')"
24700,0.08460815250873566,0.13779836893081665,0.20801116526126862,0.9527229070663452,223.18771362304688,"tensor(44352.4219, device='cuda:0')"
24800,0.058255601674318314,0.11185773462057114,0.15715686976909637,0.9751627445220947,220.62278747558594,"tensor(67330.2031, device='cuda:0')"
24900,0.08145532011985779,0.13428479433059692,0.202903613448143,0.9679886698722839,180.01417541503906,"tensor(25633.8359, device='cuda:0')"
25000,0.07644827663898468,0.14183442294597626,0.18411396443843842,0.967464804649353,209.44412231445312,"tensor(36344.3398, device='cuda:0')"
25100,0.07207563519477844,0.12907162308692932,0.18263117969036102,0.9621841907501221,221.6900634765625,"tensor(83661.9453, device='cuda:0')"
25200,0.08591967821121216,0.15688401460647583,0.19711539149284363,0.9551134705543518,291.2915344238281,"tensor(81071.5312, device='cuda:0')"
25300,0.062470778822898865,0.10974784940481186,0.1718907207250595,0.9703445434570312,195.57447814941406,"tensor(31679.1875, device='cuda:0')"
25400,0.09625762701034546,0.1411583423614502,0.23218552768230438,0.9508299827575684,213.86094665527344,"tensor(106832., device='cuda:0')"
25500,0.09066753834486008,0.1259651482105255,0.2299521565437317,0.9487772583961487,289.0469970703125,"tensor(87361.6875, device='cuda:0')"
25600,0.03518584370613098,0.07697631418704987,0.10996793955564499,0.9879533052444458,215.88973999023438,"tensor(44550.5508, device='cuda:0')"
25700,0.0767236202955246,0.1277160942554474,0.19598162174224854,0.9634537100791931,232.64364624023438,"tensor(25627.0391, device='cuda:0')"
25800,0.054196394979953766,0.10585328191518784,0.14980123937129974,0.9801040887832642,42.807655334472656,"tensor(59498.0742, device='cuda:0')"
25900,0.04302848502993584,0.09267093241214752,0.1233985647559166,0.9803378582000732,112.7652587890625,"tensor(39100.9609, device='cuda:0')"
26000,0.05308475345373154,0.09634095430374146,0.15550711750984192,0.9747631549835205,97.3682632446289,"tensor(62110.3672, device='cuda:0')"
26100,0.04880549758672714,0.09130853414535522,0.14633160829544067,0.979236900806427,118.4194564819336,"tensor(64706.2617, device='cuda:0')"
26200,0.09751597791910172,0.13591808080673218,0.2382027506828308,0.9442997574806213,107.10315704345703,"tensor(68047.3984, device='cuda:0')"
26300,0.039607882499694824,0.0872766375541687,0.11586582660675049,0.9876062273979187,90.05750274658203,"tensor(41881.4922, device='cuda:0')"
26400,0.07690630108118057,0.12703856825828552,0.19696377217769623,0.9483906626701355,112.5795669555664,"tensor(94374.5938, device='cuda:0')"
26500,0.0552443191409111,0.10410985350608826,0.15495599806308746,0.9773550033569336,122.94312286376953,"tensor(61928.5039, device='cuda:0')"
26600,0.05600644648075104,0.11437594890594482,0.14728768169879913,0.9794178009033203,66.70095825195312,"tensor(193476.9219, device='cuda:0')"
26700,0.05146137997508049,0.10446140170097351,0.1418554037809372,0.9793428182601929,112.6568832397461,"tensor(171625.8125, device='cuda:0')"
26800,0.08079080283641815,0.12891964614391327,0.20521917939186096,0.9560810327529907,179.586181640625,"tensor(123667.0078, device='cuda:0')"
26900,0.05507116764783859,0.1123044490814209,0.1462184488773346,0.9782183766365051,73.40088653564453,"tensor(219710.7188, device='cuda:0')"
27000,0.06081600487232208,0.11166101694107056,0.16528066992759705,0.9741166234016418,136.60659790039062,"tensor(72504.9141, device='cuda:0')"
27100,0.04601877182722092,0.09210842102766037,0.1355958878993988,0.9836222529411316,72.11064910888672,"tensor(51849.1406, device='cuda:0')"
27200,0.05650635063648224,0.10293181240558624,0.16008375585079193,0.9796334505081177,105.51170349121094,"tensor(141074.3438, device='cuda:0')"
27300,0.08424457907676697,0.13214288651943207,0.21119117736816406,0.9620117545127869,127.11943817138672,"tensor(100741.8672, device='cuda:0')"
27400,0.0325380377471447,0.07442949712276459,0.10104052722454071,0.9916785359382629,84.60679626464844,"tensor(90710.6562, device='cuda:0')"
27500,0.04703275114297867,0.09051456302404404,0.1409907191991806,0.970091700553894,247.20323181152344,"tensor(49707.6602, device='cuda:0')"
27600,0.08090461790561676,0.1222069188952446,0.21033911406993866,0.9553885459899902,185.4257354736328,"tensor(60512.4102, device='cuda:0')"
27700,0.06822814792394638,0.12062020599842072,0.1790030300617218,0.974206268787384,87.737548828125,"tensor(96094.3828, device='cuda:0')"
27800,0.07375303655862808,0.13050483167171478,0.18601500988006592,0.9661529660224915,75.28268432617188,"tensor(168136., device='cuda:0')"
27900,0.060105763375759125,0.10972929000854492,0.16488473117351532,0.9689028263092041,266.8812561035156,"tensor(83481.3125, device='cuda:0')"
28000,0.0508616603910923,0.09211786836385727,0.15240176022052765,0.9799258708953857,69.78579711914062,"tensor(44766.3594, device='cuda:0')"
28100,0.0637093335390091,0.12158241122961044,0.1650291234254837,0.9662368297576904,160.49884033203125,"tensor(35256.4492, device='cuda:0')"
28200,0.07244358956813812,0.11028184741735458,0.1983911097049713,0.9654556512832642,387.7289123535156,"tensor(77584.2344, device='cuda:0')"
28300,0.039279162883758545,0.08531834185123444,0.11697717756032944,0.9869804978370667,116.13557434082031,"tensor(55381.2930, device='cuda:0')"
28400,0.0637105256319046,0.11597937345504761,0.17004914581775665,0.9705395698547363,273.91131591796875,"tensor(96081.9141, device='cuda:0')"
28500,0.07514975965023041,0.12480072677135468,0.19418945908546448,0.9505940079689026,247.2805633544922,"tensor(63815.4414, device='cuda:0')"
28600,0.10169999301433563,0.1508326232433319,0.23759250342845917,0.9367282390594482,362.7183532714844,"tensor(100979.1562, device='cuda:0')"
28700,0.06270772218704224,0.11299356073141098,0.16973404586315155,0.9783291220664978,82.15172576904297,"tensor(85954.8984, device='cuda:0')"
28800,0.08474957942962646,0.1388792097568512,0.20757122337818146,0.9510145783424377,569.413818359375,"tensor(201695.7031, device='cuda:0')"
28900,0.0823216587305069,0.1360066533088684,0.20376375317573547,0.9523485898971558,177.2237548828125,"tensor(108834.9609, device='cuda:0')"
29000,0.06083977222442627,0.10749685764312744,0.16908788681030273,0.9751961827278137,77.2115478515625,"tensor(94972.8438, device='cuda:0')"
29100,0.08068976551294327,0.1222420483827591,0.20980264246463776,0.956230878829956,192.73939514160156,"tensor(46388.9023, device='cuda:0')"
29200,0.05968569964170456,0.10198257863521576,0.17056061327457428,0.966809093952179,98.49824523925781,"tensor(71450.3125, device='cuda:0')"
29300,0.053033675998449326,0.09958278387784958,0.1521802842617035,0.9706536531448364,85.36707305908203,"tensor(195416.0938, device='cuda:0')"
29400,0.08189162611961365,0.138966903090477,0.20050325989723206,0.9616953134536743,133.06629943847656,"tensor(188763.6562, device='cuda:0')"
29500,0.05615856125950813,0.11139224469661713,0.15080080926418304,0.9745809435844421,110.87537384033203,"tensor(58662.4297, device='cuda:0')"
29600,0.07297969609498978,0.11547937244176865,0.19579550623893738,0.9547687768936157,157.2880859375,"tensor(80232.0156, device='cuda:0')"
29700,0.05991620197892189,0.10607128590345383,0.16761507093906403,0.9750943779945374,74.39601135253906,"tensor(68234.3516, device='cuda:0')"
29800,0.059125564992427826,0.10505714267492294,0.1661578118801117,0.9646106958389282,126.06140899658203,"tensor(114851.9531, device='cuda:0')"
29900,0.08288009464740753,0.11810567229986191,0.21782653033733368,0.9467366337776184,113.52532958984375,"tensor(103747.9062, device='cuda:0')"
30000,0.07702269405126572,0.1234893724322319,0.19993969798088074,0.9617124795913696,105.0634536743164,"tensor(63098.1602, device='cuda:0')"
30100,0.07870610058307648,0.1255500763654709,0.20258596539497375,0.9550824165344238,105.65310668945312,"tensor(59645.8867, device='cuda:0')"
30200,0.08634140342473984,0.13379333913326263,0.21494975686073303,0.958609938621521,103.35347747802734,"tensor(210057.8594, device='cuda:0')"
30300,0.07022865116596222,0.12181878089904785,0.183529332280159,0.9640522599220276,92.52952575683594,"tensor(124097.9688, device='cuda:0')"
30400,0.07564033567905426,0.11853089183568954,0.2002025693655014,0.959221601486206,104.90849304199219,"tensor(125214.4688, device='cuda:0')"
30500,0.06169828027486801,0.11451199650764465,0.16536226868629456,0.9730557799339294,79.09848022460938,"tensor(108587.7969, device='cuda:0')"
30600,0.07672419399023056,0.12212206423282623,0.2002188116312027,0.9645862579345703,212.4020233154297,"tensor(67719.4766, device='cuda:0')"
30700,0.08148811757564545,0.13221243023872375,0.20451010763645172,0.9630957245826721,130.91429138183594,"tensor(53019.1797, device='cuda:0')"
30800,0.10351498425006866,0.153199702501297,0.23990638554096222,0.9187130331993103,176.11488342285156,"tensor(157291.2969, device='cuda:0')"
30900,0.05652930587530136,0.09800921380519867,0.16470137238502502,0.9680405855178833,69.42766571044922,"tensor(48854.1953, device='cuda:0')"
31000,0.05211423709988594,0.1014590710401535,0.14722946286201477,0.9792722463607788,161.86961364746094,"tensor(51421.3750, device='cuda:0')"
31100,0.05589819699525833,0.09848576784133911,0.16233442723751068,0.9622251391410828,89.23050689697266,"tensor(72430.3516, device='cuda:0')"
31200,0.037344302982091904,0.08191671967506409,0.1130012571811676,0.9836633205413818,69.51191711425781,"tensor(27295.5645, device='cuda:0')"
31300,0.08587999641895294,0.14444302022457123,0.20626945793628693,0.944042980670929,378.0693054199219,"tensor(70441.9062, device='cuda:0')"
31400,0.09841297566890717,0.13571320474147797,0.24020619690418243,0.9414779543876648,313.2829895019531,"tensor(98436.5078, device='cuda:0')"
31500,0.07356725633144379,0.1235850378870964,0.19102813303470612,0.9666219353675842,112.14981079101562,"tensor(15317.9834, device='cuda:0')"
31600,0.055404745042324066,0.10789074748754501,0.15178115665912628,0.9792607426643372,311.8494567871094,"tensor(47244.1055, device='cuda:0')"
31700,0.09771477431058884,0.13868363201618195,0.23687481880187988,0.9438676238059998,139.5378875732422,"tensor(64581.4219, device='cuda:0')"
31800,0.06698326766490936,0.11316569894552231,0.18175137042999268,0.9657987952232361,184.0199737548828,"tensor(44671.0898, device='cuda:0')"
31900,0.04891940951347351,0.09682570397853851,0.1409670114517212,0.9732795357704163,168.7874755859375,"tensor(26609.8145, device='cuda:0')"
32000,0.05995243042707443,0.11209633201360703,0.16224528849124908,0.9762828350067139,147.10354614257812,"tensor(56793.9297, device='cuda:0')"
32100,0.06536302715539932,0.09645907580852509,0.19085414707660675,0.9591253995895386,90.6204833984375,"tensor(51188.2930, device='cuda:0')"
32200,0.035548917949199677,0.08190102130174637,0.10477885603904724,0.988646388053894,345.89215087890625,"tensor(72775.1953, device='cuda:0')"
32300,0.05355743691325188,0.09522821754217148,0.15807899832725525,0.9780643582344055,165.14923095703125,"tensor(19385.9668, device='cuda:0')"
32400,0.07344959676265717,0.12454447150230408,0.18996383249759674,0.9488693475723267,88.64737701416016,"tensor(82286.0625, device='cuda:0')"
32500,0.04917793720960617,0.09649975597858429,0.1422252207994461,0.9804309606552124,62.43433380126953,"tensor(144948.0469, device='cuda:0')"
32600,0.06457841396331787,0.11327803134918213,0.17491427063941956,0.9665535092353821,60.79802322387695,"tensor(18531.2539, device='cuda:0')"
32700,0.05645233392715454,0.10943563282489777,0.1536933332681656,0.9718830585479736,105.6494369506836,"tensor(36848.8281, device='cuda:0')"
32800,0.06771791726350784,0.11693805456161499,0.18065574765205383,0.9753931164741516,104.07103729248047,"tensor(43414.6797, device='cuda:0')"
32900,0.04880267754197121,0.09864161908626556,0.13860084116458893,0.9807521104812622,134.98800659179688,"tensor(98212.6797, device='cuda:0')"
33000,0.11958138644695282,0.16824007034301758,0.2628866136074066,0.9203313589096069,242.23159790039062,"tensor(256777.5938, device='cuda:0')"
33100,0.045284729450941086,0.09657516330480576,0.12771914899349213,0.9847260117530823,62.56052780151367,"tensor(175198.4844, device='cuda:0')"
33200,0.056114599108695984,0.09763570874929428,0.16377998888492584,0.9766435623168945,83.75349426269531,"tensor(57580., device='cuda:0')"
33300,0.0601668655872345,0.10220124572515488,0.17177453637123108,0.958969235420227,62.80487060546875,"tensor(132802.9062, device='cuda:0')"
33400,0.09765149652957916,0.15003478527069092,0.22943638265132904,0.9618604779243469,219.15066528320312,"tensor(192956.4375, device='cuda:0')"
33500,0.07008549571037292,0.11251848191022873,0.19060416519641876,0.9530726075172424,462.7488098144531,"tensor(49756.7852, device='cuda:0')"
33600,0.0605926439166069,0.10125180333852768,0.17383067309856415,0.9770967960357666,93.67759704589844,"tensor(123746.8203, device='cuda:0')"
33700,0.05479464679956436,0.10357394814491272,0.1540209800004959,0.9817696809768677,89.12440490722656,"tensor(62325.3516, device='cuda:0')"
33800,0.0686822161078453,0.10951761901378632,0.18928003311157227,0.9525986313819885,214.65235900878906,"tensor(66447.3359, device='cuda:0')"
33900,0.06006288528442383,0.11094975471496582,0.16363972425460815,0.9755783081054688,155.87844848632812,"tensor(46981.9766, device='cuda:0')"
34000,0.05034824460744858,0.10013905167579651,0.14250096678733826,0.9825085997581482,110.65508270263672,"tensor(44896.3320, device='cuda:0')"
34100,0.060961902141571045,0.09893205016851425,0.1768679916858673,0.9643349647521973,87.23548889160156,"tensor(72964.6484, device='cuda:0')"
34200,0.059538912028074265,0.09918268769979477,0.17258071899414062,0.972928524017334,91.12025451660156,"tensor(31524.6680, device='cuda:0')"
34300,0.09051115810871124,0.14081695675849915,0.21969540417194366,0.9521127939224243,183.24911499023438,"tensor(173717.9688, device='cuda:0')"
34400,0.06252440810203552,0.10920390486717224,0.172520250082016,0.9670333862304688,119.86624908447266,"tensor(27287.3516, device='cuda:0')"
34500,0.07234019041061401,0.12143464386463165,0.18949879705905914,0.9664387702941895,96.82161712646484,"tensor(47489.8047, device='cuda:0')"
34600,0.04197966679930687,0.09299670159816742,0.11866193264722824,0.9853913187980652,554.5089721679688,"tensor(28473.5176, device='cuda:0')"
34700,0.05517467111349106,0.10603251308202744,0.15285585820674896,0.9773967862129211,108.07549285888672,"tensor(91577.2578, device='cuda:0')"
34800,0.05840849131345749,0.10803809016942978,0.16123604774475098,0.975913941860199,136.4208221435547,"tensor(33526.9688, device='cuda:0')"
34900,0.049771614372730255,0.09657613933086395,0.14421778917312622,0.9689804911613464,255.0736541748047,"tensor(52204.2227, device='cuda:0')"
35000,0.05911979824304581,0.10551922023296356,0.16572275757789612,0.9571210145950317,79.289306640625,"tensor(43451.7773, device='cuda:0')"
35100,0.07525303959846497,0.11913707852363586,0.1987760365009308,0.9573975205421448,110.23057556152344,"tensor(21731.2871, device='cuda:0')"
35200,0.07480713725090027,0.11796973645687103,0.19853517413139343,0.9546501636505127,210.3050994873047,"tensor(50791.0430, device='cuda:0')"
35300,0.047845058143138885,0.09601934999227524,0.1379828006029129,0.982927680015564,142.9542694091797,"tensor(44973.0039, device='cuda:0')"
35400,0.061141278594732285,0.1037609800696373,0.17324255406856537,0.9662523865699768,120.2690658569336,"tensor(44316.4961, device='cuda:0')"
35500,0.07167772948741913,0.12794122099876404,0.1824701726436615,0.9565216898918152,170.45021057128906,"tensor(37877.9062, device='cuda:0')"
35600,0.08332598209381104,0.13533970713615417,0.2066980004310608,0.9485797882080078,161.10121154785156,"tensor(33905.2734, device='cuda:0')"
35700,0.10445132851600647,0.1544189602136612,0.24109259247779846,0.9408226609230042,206.77818298339844,"tensor(46168.6953, device='cuda:0')"
35800,0.07916469871997833,0.12604974210262299,0.20334643125534058,0.9610315561294556,211.0701141357422,"tensor(36315.8906, device='cuda:0')"
35900,0.07622301578521729,0.1271059811115265,0.19516973197460175,0.9673182368278503,191.5183868408203,"tensor(91239.4766, device='cuda:0')"
36000,0.08041369915008545,0.12687838077545166,0.20579159259796143,0.9411949515342712,160.9029541015625,"tensor(393403.3750, device='cuda:0')"
36100,0.053026311099529266,0.10388778895139694,0.14785118401050568,0.9762572646141052,143.49046325683594,"tensor(122151.6953, device='cuda:0')"
36200,0.11318571865558624,0.1663360595703125,0.2515648901462555,0.9484243988990784,116.98880767822266,"tensor(71558.8516, device='cuda:0')"
36300,0.04899433255195618,0.09206470102071762,0.14620165526866913,0.9788656234741211,150.75341796875,"tensor(137107.0625, device='cuda:0')"
36400,0.05701505392789841,0.10510586202144623,0.15963487327098846,0.9779965281486511,106.82655334472656,"tensor(126088.5078, device='cuda:0')"
36500,0.06823576986789703,0.11105804890394211,0.18686452507972717,0.9690077900886536,375.36553955078125,"tensor(168604.2031, device='cuda:0')"
36600,0.10238794982433319,0.15012912452220917,0.23947696387767792,0.9487999081611633,221.18446350097656,"tensor(151226.6719, device='cuda:0')"
36700,0.05567032843828201,0.10777467489242554,0.15276753902435303,0.9762616753578186,146.4913787841797,"tensor(99613.1016, device='cuda:0')"
36800,0.11589847505092621,0.16582408547401428,0.25719884037971497,0.9364792108535767,386.5694580078125,"tensor(62973.6680, device='cuda:0')"
36900,0.07438254356384277,0.11562156677246094,0.19923873245716095,0.9633136987686157,144.4439697265625,"tensor(124721.6250, device='cuda:0')"
37000,0.09395911544561386,0.13943740725517273,0.2283153235912323,0.9532287120819092,249.8432159423828,"tensor(92989.2031, device='cuda:0')"
37100,0.05450794845819473,0.10566727817058563,0.15102238953113556,0.9773660898208618,94.6893081665039,"tensor(89361.5938, device='cuda:0')"
37200,0.051276795566082,0.08942204713821411,0.1563655436038971,0.9761783480644226,69.58086395263672,"tensor(46932.7422, device='cuda:0')"
37300,0.04086786508560181,0.07958844304084778,0.13035078346729279,0.9847463965415955,104.82850646972656,"tensor(94039.1875, device='cuda:0')"
37400,0.05644982308149338,0.10537540167570114,0.15759822726249695,0.9696779847145081,70.89313507080078,"tensor(59040.2891, device='cuda:0')"
37500,0.06462211161851883,0.11176693439483643,0.17632931470870972,0.9692466259002686,167.62118530273438,"tensor(44565.9297, device='cuda:0')"
37600,0.051968835294246674,0.10138510167598724,0.14681044220924377,0.9763695001602173,151.47055053710938,"tensor(75734.5391, device='cuda:0')"
37700,0.08000972867012024,0.12979790568351746,0.20265822112560272,0.9483026266098022,177.2959442138672,"tensor(168707.0156, device='cuda:0')"
37800,0.06614512205123901,0.1176101416349411,0.17567606270313263,0.9586273431777954,83.2584457397461,"tensor(97638.9453, device='cuda:0')"
37900,0.053789928555488586,0.10028745979070663,0.15396003425121307,0.9826580882072449,48.797096252441406,"tensor(68362.5234, device='cuda:0')"
38000,0.0948636382818222,0.14680957794189453,0.22543461620807648,0.932875394821167,259.6411437988281,"tensor(126308.3906, device='cuda:0')"
38100,0.04199160635471344,0.08953877538442612,0.12300395220518112,0.9812282919883728,146.5878143310547,"tensor(74197.2344, device='cuda:0')"
38200,0.11744856834411621,0.15378254652023315,0.26704642176628113,0.9123899340629578,150.26776123046875,"tensor(143662.2500, device='cuda:0')"
38300,0.11658938229084015,0.16205677390098572,0.2607150673866272,0.9267339110374451,236.40289306640625,"tensor(47507.3711, device='cuda:0')"
38400,0.07652886211872101,0.11998211592435837,0.20133113861083984,0.9331477284431458,324.99407958984375,"tensor(86936.3984, device='cuda:0')"
38500,0.061659157276153564,0.11183210462331772,0.1676589548587799,0.9729881286621094,86.5232925415039,"tensor(40902.4492, device='cuda:0')"
38600,0.06427827477455139,0.10617604851722717,0.18007071316242218,0.9688256978988647,325.0736083984375,"tensor(82928.3828, device='cuda:0')"
38700,0.07987615466117859,0.12904992699623108,0.20288217067718506,0.9572072625160217,61.99074935913086,"tensor(121011.9062, device='cuda:0')"
38800,0.08639928698539734,0.13734909892082214,0.21259009838104248,0.9571424126625061,120.51148986816406,"tensor(127497.0078, device='cuda:0')"
38900,0.07308486104011536,0.13148295879364014,0.18341201543807983,0.9653936624526978,142.3806915283203,"tensor(72640.3203, device='cuda:0')"
